id	first_name	last_name	email	gender	city	country
1	Addy	Beernaert	abeernaert0@com.com	Male	Artsvaberd	Armenia
2	Ronalda	Barfield	rbarfield1@behance.net	Female	Mapalad	Philippines
3	Moise	Vigar	mvigar2@photobucket.com	Male	Pali	Indonesia
4	Katerina	Ecclestone	kecclestone3@theglobeandmail.com	Female	Itaberaí	Brazil
5	Rich	Skeldinge	rskeldinge4@nymag.com	Male	Ruda-Huta	Poland
6	Parker	Walch	pwalch5@tumblr.com	Male	Vårby	Sweden
7	Kaspar	Potzold	kpotzold6@hexun.com	Male	Pithári	Greece
8	Amanda	Villalta	avillalta7@twitter.com	Genderqueer	Tartu	Estonia
9	Trula	Somerbell	tsomerbell8@fema.gov	Female	Calango	Peru
10	Rollo	Loseke	rloseke9@sohu.com	Male	Matriz de Camaragibe	Brazil
11	Marcelle	Heyburn	mheyburna@slideshare.net	Female	Asempapan	Indonesia
12	Stacy	Cuerdall	scuerdallb@amazon.co.uk	Male	Jiangchuanlu	China
13	Mead	Gres	mgresc@paypal.com	Male	Niquinohomo	Nicaragua
14	Hamnet	Brundell	hbrundelld@seesaa.net	Bigender	Jiangchi	China
15	Pollyanna	Lainge	plaingee@flickr.com	Female	Ingå	Finland
16	Eddie	Espie	eespief@gizmodo.com	Male	Munka-Ljungby	Sweden
17	Chance	Carlet	ccarletg@salon.com	Male	Ventanas	Ecuador
18	Boote	Konig	bkonigh@tinyurl.com	Male	Xinlong	China
19	Anson	Powling	apowlingi@163.com	Male	Novoye Devyatkino	Russia
20	Garrick	Rawls	grawlsj@joomla.org	Male	Duodaoshi	China
21	Lilian	Spowage	lspowagek@google.cn	Female	Santiago	Paraguay
22	Ab	Furber	afurberl@phoca.cz	Male	Novyy Nekouz	Russia
23	Myrta	D'Adamo	mdadamom@homestead.com	Female	Zamora	Spain
24	Tiffany	Arlott	tarlottn@bravesites.com	Female	Santa Cruz	Brazil
25	Sonja	Phaup	sphaupo@odnoklassniki.ru	Female	Dong’an	China
26	Rutger	McGuckin	rmcguckinp@amazonaws.com	Male	Puma	Tanzania
27	Tallie	Costen	tcostenq@bing.com	Male	Tonggakjati	Indonesia
28	Chere	Mulchrone	cmulchroner@bbb.org	Female	Antopal’	Belarus
29	Sheeree	Burrass	sburrasss@nih.gov	Female	Paris 07	France
30	Merrick	Kybbye	mkybbyet@wix.com	Male	Castañas	Philippines
31	Renaud	Decort	rdecortu@mozilla.org	Male	Nikísiani	Greece
32	Freeman	MacLaughlin	fmaclaughlinv@oaic.gov.au	Male	Huangqi	China
33	Lonnie	Gath	lgathw@wordpress.org	Male	Adolfo Ruiz Cortines	Mexico
34	Audrye	Georgiades	ageorgiadesx@google.de	Female	Sung Noen	Thailand
35	Cleveland	Coogan	ccoogany@exblog.jp	Agender	Fukiage-fujimi	Japan
36	Nichols	Vater	nvaterz@businessinsider.com	Male	Padilla	Bolivia
37	Rafaelia	Agdahl	ragdahl10@4shared.com	Female	Oke Iho	Nigeria
38	Adolf	Summerlad	asummerlad11@live.com	Male	Zhangpu	China
39	Ingemar	MacLure	imaclure12@blogger.com	Male	Kiambu	Kenya
40	Wernher	Marle	wmarle13@geocities.jp	Male	Měnín	Czech Republic
41	Nadya	Liebrecht	nliebrecht14@miibeian.gov.cn	Female	Zhangjiabao	China
42	Barbra	Boorn	bboorn15@google.com.br	Genderfluid	Jurh	China
43	Derek	Bonney	dbonney16@123-reg.co.uk	Male	Caculé	Brazil
44	Wenona	Oliver	woliver17@yolasite.com	Female	Caja	Peru
45	Pietro	Yaakov	pyaakov18@patch.com	Genderqueer	Bom Jesus da Lapa	Brazil
46	Anne	Wreath	awreath19@opera.com	Female	Tabivere	Estonia
47	Brenda	Lipp	blipp1a@independent.co.uk	Female	Cubará	Colombia
48	Kaylyn	Freiberg	kfreiberg1b@blogtalkradio.com	Female	Campok	Indonesia
49	Karry	Kinnerley	kkinnerley1c@cisco.com	Female	Taoyuan	China
50	Phillipp	Perrelli	pperrelli1d@apple.com	Male	Wudangshan	China
51	Bessie	Louca	blouca1e@storify.com	Genderqueer	Pawak	Philippines
52	Harald	Garrold	hgarrold1f@friendfeed.com	Male	Guandiping	China
53	Jayson	Febre	jfebre1g@topsy.com	Male	Brea Pozo	Argentina
54	Kareem	Keppe	kkeppe1h@instagram.com	Male	Avarua	Cook Islands
55	Egon	Bidwell	ebidwell1i@reddit.com	Male	Nizhnekamsk	Russia
56	Aldis	Wickrath	awickrath1j@list-manage.com	Male	Lukou	China
57	Rollie	Lambrook	rlambrook1k@cdbaby.com	Male	Gordon Town	Jamaica
58	Kally	Kunze	kkunze1l@jimdo.com	Female	Yaguarón	Paraguay
59	Des	Hayball	dhayball1m@over-blog.com	Male	Galapa	Colombia
60	Emmalee	Paskerful	epaskerful1n@parallels.com	Female	General La Madrid	Argentina
61	Ambrosi	Raccio	araccio1o@so-net.ne.jp	Male	Borucin	Poland
62	Cloris	Lochran	clochran1p@networkadvertising.org	Female	Worcester	South Africa
63	Ashely	Longhirst	alonghirst1q@hubpages.com	Female	Bailan	Philippines
64	Augustina	Thurling	athurling1r@bbb.org	Female	Koch'ang	South Korea
65	Matilde	Clemont	mclemont1s@zdnet.com	Female	Boac	Philippines
66	Marissa	Gerriessen	mgerriessen1t@dot.gov	Female	Chengyang	China
67	Ardine	Brignell	abrignell1u@usa.gov	Female	Besah	Indonesia
68	Clint	O'Rowane	corowane1v@hexun.com	Male	Mingshan	China
69	Rozalin	Truss	rtruss1w@house.gov	Female	Bayang	China
70	Bernadene	Glasspool	bglasspool1x@jigsy.com	Bigender	Banyutengah	Indonesia
71	Jeanna	Gabbitas	jgabbitas1y@reference.com	Female	Los Andes	Colombia
72	Amelia	Demicoli	ademicoli1z@slashdot.org	Female	Łąka Prudnicka	Poland
73	Laughton	Cheshire	lcheshire20@elpais.com	Male	Xiaocheng	China
74	Timoteo	Treble	ttreble21@fastcompany.com	Male	Mekarsari	Indonesia
75	Bartholemy	Vigers	bvigers22@t.co	Male	Wangchang	China
76	Ashien	Alderton	aalderton23@1und1.de	Agender	Ārt Khwājah	Afghanistan
77	Alwyn	Allardyce	aallardyce24@google.pl	Male	Mbumi	Tanzania
78	Jaquelyn	Harwell	jharwell25@newyorker.com	Female	Sedkyrkeshch	Russia
79	Chicky	Chesher	cchesher26@howstuffworks.com	Male	Perdões	Brazil
80	Meggi	Runcie	mruncie27@imageshack.us	Female	Jintang	China
81	Devin	MacAlees	dmacalees28@about.com	Female	Abū Qalqal	Syria
82	Anabel	Jull	ajull29@hud.gov	Female	Hendaye	France
83	Alexandro	Messier	amessier2a@oakley.com	Male	Middleton	United Kingdom
84	Jeanie	Waterhouse	jwaterhouse2b@hostgator.com	Genderqueer	Arroyo Naranjo	Cuba
85	Karrie	Neubigin	kneubigin2c@accuweather.com	Genderqueer	Bantul	Indonesia
86	Rancell	O'Hickee	rohickee2d@lycos.com	Male	Nueva Gerona	Cuba
87	Darwin	Debold	ddebold2e@ning.com	Male	Polanka Wielka	Poland
88	Torrey	Doncaster	tdoncaster2f@mediafire.com	Male	Lumbayan	Philippines
89	Leroi	Camp	lcamp2g@google.co.jp	Male	Ljungby	Sweden
90	Rosemonde	Teese	rteese2h@economist.com	Female	Mianhu	China
91	Alwyn	Cotton	acotton2i@drupal.org	Bigender	Santa Maria Oliveira	Portugal
92	Elene	Mellings	emellings2j@ebay.co.uk	Polygender	Sembungan Kidul	Indonesia
93	Marley	Keetch	mkeetch2k@pcworld.com	Female	Osilnica	Slovenia
94	Marcellus	Antcliff	mantcliff2l@stanford.edu	Male	Zhaojia	China
95	Duff	Earie	dearie2m@comsenz.com	Male	Río Viejo	Colombia
96	Dania	Le Claire	dleclaire2n@netscape.com	Female	Kangar	Malaysia
97	Fawn	Lambal	flambal2o@washingtonpost.com	Female	Fort Worth	United States
98	Raychel	Ponte	rponte2p@godaddy.com	Female	Kolobovo	Russia
99	Benson	Roy	broy2q@paypal.com	Male	Xiaomei	China
100	Marven	Fattorini	mfattorini2r@google.fr	Male	Zhangtan	China
101	Kalila	Bagguley	kbagguley2s@ucsd.edu	Female	Umeå	Sweden
102	Percival	Bumby	pbumby2t@google.cn	Male	Botao	Philippines
103	Andrea	Rea	area2u@ameblo.jp	Female	Dagsar	China
104	Anna	Kirdsch	akirdsch2v@miitbeian.gov.cn	Female	Anna Regina	Guyana
105	Ekaterina	Kernar	ekernar2w@networkadvertising.org	Female	Majan	Indonesia
106	Ginger	Cumesky	gcumesky2x@cdc.gov	Male	Bondoufle	France
107	Cassandra	Draysay	cdraysay2y@omniture.com	Female	Muan	South Korea
108	Herc	Burden	hburden2z@sciencedaily.com	Male	Gebang	Indonesia
109	Nariko	Mellem	nmellem30@engadget.com	Female	Gore	New Zealand
110	Rudolph	Milner	rmilner31@de.vu	Male	Zhuyeping	China
111	Jewelle	Probey	jprobey32@nhs.uk	Agender	Chrzanów	Poland
112	Harmon	Scourfield	hscourfield33@parallels.com	Male	Tan-Tan	Morocco
113	Pascale	Olenchenko	polenchenko34@godaddy.com	Male	Dukuh Kaler	Indonesia
114	Yuma	Tribbeck	ytribbeck35@state.tx.us	Male	New York City	United States
115	Gabrila	Darracott	gdarracott36@xinhuanet.com	Female	Uzlovaya	Russia
116	Ebeneser	Alentyev	ealentyev37@amazonaws.com	Male	Los Mangos	Mexico
117	Wynn	Cowl	wcowl38@de.vu	Male	Frösön	Sweden
118	Amil	Jost	ajost39@youtube.com	Genderfluid	Joutsa	Finland
119	Banky	Rennicks	brennicks3a@yahoo.com	Male	Rosais	Portugal
120	Jorgan	Gillions	jgillions3b@meetup.com	Agender	Cherkasskoye	Russia
121	Lynette	Wayper	lwayper3c@google.es	Female	Warugunung	Indonesia
122	Antonino	Kaplan	akaplan3d@diigo.com	Male	Puputan	Indonesia
123	Paulie	Campey	pcampey3e@tiny.cc	Female	Martingança	Portugal
124	Brigit	Blooman	bblooman3f@washingtonpost.com	Bigender	Bitam	Gabon
125	Leigha	Camolli	lcamolli3g@deviantart.com	Female	Loga	Indonesia
126	Janith	Strooband	jstrooband3h@gov.uk	Female	Noginsk	Russia
127	Raffarty	Assandri	rassandri3i@taobao.com	Male	Iwonicz-Zdrój	Poland
128	Simona	Steanson	ssteanson3j@vinaora.com	Female	Riangblolong	Indonesia
129	Saleem	Michael	smichael3k@smugmug.com	Male	Przyborów	Poland
130	Margy	Admans	madmans3l@google.com	Female	Eirado	Portugal
131	Lamond	Benninck	lbenninck3m@theatlantic.com	Male	Tyszowce	Poland
132	Doloritas	Upcraft	dupcraft3n@businessinsider.com	Female	Pedro García	Dominican Republic
133	Perceval	Chin	pchin3o@csmonitor.com	Genderqueer	Khovaling	Tajikistan
134	Ancell	Balfour	abalfour3p@exblog.jp	Male	Poitiers	France
135	Jock	Faithfull	jfaithfull3q@fastcompany.com	Male	Khon Buri	Thailand
136	Mikaela	Cable	mcable3r@prweb.com	Female	New Pandanon	Philippines
137	Farand	MacKean	fmackean3s@studiopress.com	Polygender	Cahuacho	Peru
138	Kristoffer	Potes	kpotes3t@forbes.com	Male	Irecê	Brazil
139	Alan	Greenhough	agreenhough3u@google.ru	Male	Buta	Democratic Republic of the Congo
140	Nicol	Dugget	ndugget3v@si.edu	Male	Liaonan	China
141	Jeffrey	Abby	jabby3w@theglobeandmail.com	Male	Lukou	China
142	Harlan	Clewes	hclewes3x@deviantart.com	Male	Jianghong	China
143	Sig	Rosenfelder	srosenfelder3y@paginegialle.it	Male	Ixopo	South Africa
144	Brigg	Lumsdall	blumsdall3z@cmu.edu	Male	Lyubinskiy	Russia
145	Bonnibelle	Crackel	bcrackel40@unc.edu	Polygender	Boronów	Poland
146	Chiarra	Winspire	cwinspire41@cargocollective.com	Female	Andradina	Brazil
147	Vita	Liveley	vliveley42@histats.com	Non-binary	Bayanhoshuu	Mongolia
148	Frank	Camillo	fcamillo43@people.com.cn	Male	Guihing Proper	Philippines
149	Hy	Yepiskov	hyepiskov44@csmonitor.com	Male	Um Jar Al Gharbiyya	Sudan
150	Fionnula	Chopin	fchopin45@earthlink.net	Female	Lamawan	China
151	Meggy	O'Gleasane	mogleasane46@bloomberg.com	Female	Baizhong	China
152	Carolyne	Ruck	cruck47@house.gov	Female	Oslo	Norway
153	Tiphanie	Kernoghan	tkernoghan48@mozilla.org	Polygender	Amarillo	United States
154	Elisabet	Zettoi	ezettoi49@wired.com	Female	Dharān Bāzār	Nepal
155	Lanny	Pesterfield	lpesterfield4a@netlog.com	Male	Kista	Sweden
156	Drud	Milham	dmilham4b@hatena.ne.jp	Male	Manga	Philippines
157	Enrica	Maryman	emaryman4c@latimes.com	Female	Zhongxin	China
158	Rice	Gambrell	rgambrell4d@hp.com	Male	Cincinnati	United States
159	Des	Charnock	dcharnock4e@4shared.com	Male	Rio Verde de Mato Grosso	Brazil
160	Millie	Donalson	mdonalson4f@theguardian.com	Female	Cairima	China
161	Natalina	Gledhill	ngledhill4g@yolasite.com	Female	Xiadong	China
162	Conway	Dive	cdive4h@tripadvisor.com	Male	Akureyri	Iceland
163	Charlean	Matthis	cmatthis4i@youtube.com	Female	Tyshkivka	Ukraine
164	Lea	Jerg	ljerg4j@flavors.me	Female	Guankou	China
165	Barbette	Culy	bculy4k@blogger.com	Female	Ocote Paulino	Honduras
166	Tildie	Leaver	tleaver4l@wisc.edu	Female	Nikolayevskaya	Russia
167	Idalina	Grob	igrob4m@adobe.com	Female	San Rafael	Peru
168	Brnaby	Balas	bbalas4n@taobao.com	Male	Xiachu	China
169	Delmore	Truran	dtruran4o@sina.com.cn	Male	Kikinda	Serbia
170	Ingelbert	Atger	iatger4p@myspace.com	Male	Banjar Swastika	Indonesia
171	Alena	Rosedale	arosedale4q@hugedomains.com	Non-binary	Buíque	Brazil
172	Halli	Hearns	hhearns4r@youtube.com	Bigender	Kirkland Lake	Canada
173	Mercy	Bachshell	mbachshell4s@amazon.de	Female	Gandra	Portugal
174	Robert	Casetta	rcasetta4t@miitbeian.gov.cn	Male	Leloboko	Indonesia
175	Judie	Bechley	jbechley4u@blogger.com	Bigender	Puerto Cumarebo	Venezuela
176	Dougie	Lydden	dlydden4v@netlog.com	Male	Sandefjord	Norway
177	Griselda	Labuschagne	glabuschagne4w@ezinearticles.com	Female	Malian	China
178	Arlee	Matelyunas	amatelyunas4x@go.com	Genderqueer	Lampari	Philippines
179	Gabriela	Sedgeman	gsedgeman4y@goodreads.com	Female	Helvecia	Argentina
180	Laverne	McGettrick	lmcgettrick4z@utexas.edu	Bigender	Malvas	Peru
181	Joanna	Keppel	jkeppel50@unc.edu	Female	Callahuanca	Peru
182	Elga	Collip	ecollip51@jalbum.net	Female	Shimodate	Japan
183	Tuck	Stanfield	tstanfield52@wp.com	Male	Bobadela	Portugal
184	Carolin	Jeske	cjeske53@ezinearticles.com	Female	Wonosari	Indonesia
185	Annora	Milton-White	amiltonwhite54@sogou.com	Female	Rio	Portugal
186	Haleigh	Mazzia	hmazzia55@sitemeter.com	Female	Sibulan	Philippines
187	Felecia	Gowdie	fgowdie56@va.gov	Female	Buje	Croatia
188	Dynah	Dominy	ddominy57@intel.com	Female	Yuhuang	China
189	Gina	Jurewicz	gjurewicz58@studiopress.com	Female	Arevashogh	Armenia
190	Obadias	Manssuer	omanssuer59@wikimedia.org	Male	Almendra	Portugal
191	Joannes	Connachan	jconnachan5a@sfgate.com	Female	General Villegas	Argentina
192	Felic	Jehaes	fjehaes5b@barnesandnoble.com	Male	Nagarakembang	Indonesia
193	Brigid	McPolin	bmcpolin5c@reference.com	Female	Youngstown	United States
194	Sly	Hendrickson	shendrickson5d@etsy.com	Male	Shiling	China
195	Talia	Parish	tparish5e@ft.com	Female	Al Qāmishlī	Syria
196	Lammond	Heighton	lheighton5f@wordpress.org	Genderfluid	Shuangxiqiao	China
197	Nettle	Sprosson	nsprosson5g@indiatimes.com	Female	Qingdao	China
198	Drusi	Beaglehole	dbeaglehole5h@friendfeed.com	Female	Luján	Argentina
199	Adelbert	Chelley	achelley5i@cnn.com	Male	Campos	Brazil
200	Rena	O'Tuohy	rotuohy5j@technorati.com	Female	Cayambe	Ecuador
201	Joseph	Hartopp	jhartopp5k@etsy.com	Male	Blora	Indonesia
202	Martica	Herley	mherley5l@people.com.cn	Female	Xuyong	China
203	Julia	MacGovern	jmacgovern5m@storify.com	Female	Taraz	Kazakhstan
204	Pauletta	Tuley	ptuley5n@cnn.com	Female	Ibung	Philippines
205	Jud	Searchfield	jsearchfield5o@auda.org.au	Male	Ning’an	China
206	Leighton	Menendez	lmenendez5p@rakuten.co.jp	Male	San Vicente	Chile
207	Elfrida	Ollie	eollie5q@histats.com	Female	Changle	China
208	Scarface	Doggrell	sdoggrell5r@amazon.co.uk	Male	Villefranche-sur-Mer	France
209	Barrett	Baldetti	bbaldetti5s@tuttocitta.it	Male	Takengon	Indonesia
210	Wolfgang	Reynish	wreynish5t@harvard.edu	Male	Spitak	Armenia
211	Sutton	Klaas	sklaas5u@meetup.com	Male	Yaring	Thailand
212	Alfie	Colwill	acolwill5v@wordpress.org	Male	Strömsnäsbruk	Sweden
213	Mirilla	Suermeier	msuermeier5w@whitehouse.gov	Female	Pilluana	Peru
214	Ari	Kaemena	akaemena5x@ucla.edu	Male	Saratak	Armenia
215	Josselyn	Lavies	jlavies5y@163.com	Female	Salcedo	Dominican Republic
216	Bronnie	Rounsefull	brounsefull5z@squarespace.com	Male	Amvrosiyivka	Ukraine
217	Oona	Shackleton	oshackleton60@fotki.com	Female	Alderetes	Argentina
218	Kimbell	Larkworthy	klarkworthy61@eventbrite.com	Male	Chishan	China
219	Westleigh	Aistrop	waistrop62@wix.com	Male	Novopavlovsk	Russia
220	Sharity	Pellitt	spellitt63@netvibes.com	Female	Pensacola	United States
221	Andrei	Lemmers	alemmers64@google.com.au	Female	Kanye	Botswana
222	Raven	Holston	rholston65@huffingtonpost.com	Female	Roma	Italy
223	Codie	Polycote	cpolycote66@wix.com	Bigender	Ligonggang	China
224	Stephanus	Blowing	sblowing67@accuweather.com	Bigender	Macau	Brazil
225	Smith	Wraighte	swraighte68@independent.co.uk	Male	København	Denmark
226	Fulton	Bessell	fbessell69@privacy.gov.au	Male	Kuroishi	Japan
227	Vito	Osborne	vosborne6a@freewebs.com	Male	Piteå	Sweden
228	Cate	Perago	cperago6b@sphinn.com	Female	Hinigaran	Philippines
229	Garret	Rudall	grudall6c@ask.com	Male	San José	Costa Rica
230	Cathleen	Crimes	ccrimes6d@bbc.co.uk	Female	Działoszyce	Poland
231	Elsey	Bloxam	ebloxam6e@toplist.cz	Female	Dessalines	Haiti
232	Mallissa	Howison	mhowison6f@livejournal.com	Female	Casal Galego	Portugal
233	Dannye	Prisley	dprisley6g@digg.com	Female	Letlhakane	Botswana
234	Elvin	Sperwell	esperwell6h@webs.com	Male	Tumen	China
235	Antin	McBeath	amcbeath6i@netlog.com	Male	Subrag	China
236	Worthy	Couroy	wcouroy6j@webmd.com	Male	Oebatu	Indonesia
237	Janetta	Thresh	jthresh6k@narod.ru	Female	Laoxialu	China
238	Shoshana	Norewood	snorewood6l@tamu.edu	Female	Bucay	Philippines
239	Morganne	Bodega	mbodega6m@mit.edu	Female	Concepción de la Barranca	Honduras
240	Wiley	Lobb	wlobb6n@samsung.com	Male	Kostanay	Kazakhstan
241	Yolane	Franzoli	yfranzoli6o@de.vu	Female	Okiot	Philippines
242	Kevina	Echlin	kechlin6p@bing.com	Female	Uryupinsk	Russia
243	Calypso	Benge	cbenge6q@forbes.com	Female	Kebonsari	Indonesia
244	Joanne	Avison	javison6r@clickbank.net	Female	Bordeaux	France
245	Sylvan	Todarello	stodarello6s@nbcnews.com	Male	Zhishan	China
246	Teresita	Causon	tcauson6t@wp.com	Female	Abengourou	Ivory Coast
247	Grove	Jurisch	gjurisch6u@wired.com	Male	Oslo	Norway
248	Letta	Schuelcke	lschuelcke6v@e-recht24.de	Female	Bang Pakong	Thailand
249	Lorne	Mitten	lmitten6w@ucoz.ru	Female	Taboão da Serra	Brazil
250	Eolanda	Klamp	eklamp6x@howstuffworks.com	Female	Lujing Zhen	China
251	Mathilde	Vittore	mvittore6y@netlog.com	Female	Sabae	Japan
252	Judi	Castillo	jcastillo6z@artisteer.com	Female	Saint-Lô	France
253	Ralf	Janata	rjanata70@elegantthemes.com	Male	Tangwu	China
254	Moss	Blakeway	mblakeway71@goo.ne.jp	Male	Xinbei	China
255	Wrennie	Hambridge	whambridge72@youtu.be	Female	Mosrentgen	Russia
256	Cecile	Bowring	cbowring73@oaic.gov.au	Female	Cincinnati	United States
257	Arielle	Picheford	apicheford74@dion.ne.jp	Female	Guanhães	Brazil
258	Barnard	Filon	bfilon75@seesaa.net	Male	Kauhan	Indonesia
259	Stephanie	Ashelford	sashelford76@wikispaces.com	Female	Garunggang	Indonesia
260	Inessa	Larmour	ilarmour77@fotki.com	Female	Neglasari	Indonesia
261	Stephani	Housen	shousen78@marketwatch.com	Female	Limanowa	Poland
262	Issy	Reekie	ireekie79@craigslist.org	Female	Kurumoch	Russia
263	Lisle	Geraudy	lgeraudy7a@yellowbook.com	Male	Zhaojia	China
264	Lyndel	Bretherton	lbretherton7b@pbs.org	Female	Pejibaye	Costa Rica
265	Pauly	Fillan	pfillan7c@sfgate.com	Male	Buhe	China
266	Dorotea	Stiegers	dstiegers7d@tuttocitta.it	Female	Itajuípe	Brazil
267	Tiena	Zylberdik	tzylberdik7e@dailymail.co.uk	Female	Bieto	Indonesia
268	Lela	Beadle	lbeadle7f@simplemachines.org	Female	Czeremcha	Poland
269	Desirae	Twaits	dtwaits7g@indiegogo.com	Female	Pakembangan	Indonesia
270	Philippa	Beamont	pbeamont7h@phoca.cz	Female	Ajaccio	France
271	Sarajane	Carsey	scarsey7i@bloomberg.com	Female	Shekou	China
272	Tana	Siege	tsiege7j@techcrunch.com	Female	Ceibas	Argentina
273	Laughton	Lemmon	llemmon7k@cmu.edu	Male	Bogi	Indonesia
274	Matelda	Colaton	mcolaton7l@sbwire.com	Female	Ubatã	Brazil
275	Wyndham	Gramer	wgramer7m@flickr.com	Male	Boulsa	Burkina Faso
276	Emmi	Dytham	edytham7n@ox.ac.uk	Female	Cogtong	Philippines
277	Frans	Leader	fleader7o@cnbc.com	Male	Gandusari	Indonesia
278	Igor	Niccolls	iniccolls7p@yellowpages.com	Male	Vinhedo	Brazil
279	Gilda	Iffland	giffland7q@wsj.com	Female	Lamont	Canada
280	Alyosha	Lorent	alorent7r@mtv.com	Male	Krasnaya Polyana	Russia
281	Chickie	Osanne	cosanne7s@ted.com	Male	Schœlcher	Martinique
282	Orrin	Sugarman	osugarman7t@google.com	Male	Kayangel	Palau
283	Tadd	Germann	tgermann7u@redcross.org	Male	Anseong	South Korea
284	May	Tansey	mtansey7v@storify.com	Agender	Malinovoye Ozero	Russia
285	Daniel	Lowdyane	dlowdyane7w@theatlantic.com	Male	Huangzhai	China
286	Oliver	Nagle	onagle7x@topsy.com	Male	Sanjiazi	China
287	Lynette	McMenamin	lmcmenamin7y@dailymotion.com	Female	Al Jafr	Saudi Arabia
288	Laurent	Kirley	lkirley7z@sciencedirect.com	Male	Xibali	China
289	Prinz	Mathouse	pmathouse80@elegantthemes.com	Genderqueer	Łeba	Poland
290	Cookie	Greswell	cgreswell81@theguardian.com	Female	Portela	Portugal
291	Druci	Bussons	dbussons82@geocities.jp	Female	Idkū	Egypt
292	Sibelle	Wincott	swincott83@altervista.org	Female	San Miguel	Philippines
293	Rozanna	Ovell	rovell84@cafepress.com	Female	Sari	Iran
294	Dione	Bentzen	dbentzen85@wikimedia.org	Non-binary	Taloy	Philippines
295	Sayers	Breewood	sbreewood86@wix.com	Male	Masina	Democratic Republic of the Congo
296	Kacie	Storck	kstorck87@lycos.com	Female	Tivat	Montenegro
297	Kent	Ruse	kruse88@infoseek.co.jp	Male	Lukou	China
298	Tabby	Gogin	tgogin89@nih.gov	Female	Stanovoye	Russia
299	Maurie	Chesser	mchesser8a@hubpages.com	Male	Montréal-Ouest	Canada
300	Rudolf	Kincla	rkincla8b@spotify.com	Male	Xinfeng	China
301	Alanson	Jakubczyk	ajakubczyk8c@oakley.com	Male	Ōzu	Japan
302	Marty	Killough	mkillough8d@adobe.com	Female	Qadsīyā	Syria
303	Allix	Cutajar	acutajar8e@tinyurl.com	Female	Cisaro	Indonesia
304	Darleen	Gecks	dgecks8f@nih.gov	Female	San Juan de Planes	Honduras
305	Chalmers	Penswick	cpenswick8g@eepurl.com	Male	Rizal	Philippines
306	Ardis	Paolini	apaolini8h@ocn.ne.jp	Female	Sindong	South Korea
307	Felipa	Covill	fcovill8i@google.ca	Female	Ni’ao	China
308	Douglass	Priestland	dpriestland8j@psu.edu	Male	Shāhīn Dezh	Iran
309	Reginauld	Dulton	rdulton8k@blogger.com	Male	Quarteira	Portugal
310	Rosabelle	Tockell	rtockell8l@vk.com	Female	Mandal	Mongolia
311	Maurits	Imlach	mimlach8m@comsenz.com	Male	Chechenglu	China
312	Gardiner	Clemo	gclemo8n@microsoft.com	Male	Tagdanua	Philippines
313	Nico	Bum	nbum8o@twitter.com	Male	Dédougou	Burkina Faso
314	Shayla	Martland	smartland8p@ft.com	Female	Dongxiang	China
315	Moises	Dowty	mdowty8q@addthis.com	Male	Scarborough	Trinidad and Tobago
316	Fifine	Batrip	fbatrip8r@yellowpages.com	Female	Solomenskoye	Russia
317	Diena	Juliano	djuliano8s@mit.edu	Genderfluid	Itaberaba	Brazil
318	Alison	Duffit	aduffit8t@drupal.org	Female	Zhetang	China
319	Jean	Barstowk	jbarstowk8u@go.com	Polygender	Storuman	Sweden
320	Tallie	Harbach	tharbach8v@yahoo.co.jp	Male	Lemery	Philippines
321	Kiah	May	kmay8w@infoseek.co.jp	Genderqueer	Zagórze	Poland
322	Darrel	Dickenson	ddickenson8x@nydailynews.com	Male	Heřmanova Huť	Czech Republic
323	Miran	St. Hill	msthill8y@hc360.com	Female	Turpay	Peru
324	Georgeanna	Sirette	gsirette8z@whitehouse.gov	Female	Xiping	China
325	Wally	Mizzi	wmizzi90@goo.ne.jp	Female	Jisegumen	China
326	Alexa	Lere	alere91@skype.com	Female	Gondar	Portugal
327	Aurelea	Alelsandrowicz	aalelsandrowicz92@economist.com	Female	Cipadung Timur	Indonesia
328	Desmund	Ducarne	dducarne93@stanford.edu	Male	Pazin	Croatia
329	Eduino	Dillimore	edillimore94@yandex.ru	Male	Varberg	Sweden
330	Shannen	Tirkin	stirkin95@mtv.com	Female	Ilembula	Tanzania
331	Emilia	Reuben	ereuben96@blinklist.com	Female	Sundawenang	Indonesia
332	Sharleen	Lillegard	slillegard97@ft.com	Female	Hartford	United States
333	Nara	MacCoughen	nmaccoughen98@mediafire.com	Female	Sukamaju Kidul	Indonesia
334	Freeman	Lindner	flindner99@dyndns.org	Male	Shakhty	Russia
335	Darb	Kunat	dkunat9a@utexas.edu	Male	Xiaohe	China
336	Gilberto	Barroux	gbarroux9b@slate.com	Male	Morrito	Nicaragua
337	Ange	Couroy	acouroy9c@abc.net.au	Male	Pensacola	United States
338	Aprilette	Dutson	adutson9d@hc360.com	Female	Troyits’ke	Ukraine
339	Beverley	Walkingshaw	bwalkingshaw9e@istockphoto.com	Female	Pontevedra	Spain
340	Fanya	Daborne	fdaborne9f@mozilla.com	Female	Vegachí	Colombia
341	Alain	Tipple	atipple9g@prlog.org	Polygender	Växjö	Sweden
342	Findley	Wichard	fwichard9h@google.it	Male	Legrada	Philippines
343	Meryl	Willcott	mwillcott9i@archive.org	Male	Taketoyo	Japan
344	Jammie	Kemmet	jkemmet9j@archive.org	Female	Mae Wang	Thailand
345	Leshia	Broadbury	lbroadbury9k@list-manage.com	Female	Benchu	China
346	Poppy	Leeson	pleeson9l@nymag.com	Female	Jiangzhang	China
347	Aimee	Dahmel	adahmel9m@apache.org	Female	Cobre	Portugal
348	Charlton	Caberas	ccaberas9n@youku.com	Male	Seabra	Brazil
349	Sheelagh	Doncaster	sdoncaster9o@slashdot.org	Female	La Montañita	Colombia
350	Haslett	Pargent	hpargent9p@pen.io	Male	Lattes	France
351	Yoshiko	Fouracre	yfouracre9q@census.gov	Female	La Poma	Argentina
352	Dianne	Bittleson	dbittleson9r@hugedomains.com	Female	San Juan del Surutú	Bolivia
353	Bibi	Peyes	bpeyes9s@dell.com	Female	Kista	Sweden
354	Donnell	Jeffry	djeffry9t@yandex.ru	Male	Åby	Sweden
355	Basia	Harwell	bharwell9u@miitbeian.gov.cn	Agender	Perovo	Russia
356	Orv	Halsted	ohalsted9v@fotki.com	Male	Markaz-e Ḩukūmat-e Darwēshān	Afghanistan
357	Nalani	Pentercost	npentercost9w@xrea.com	Female	Astromil	Portugal
358	Nicolis	Coale	ncoale9x@economist.com	Male	Smolec	Poland
359	Sandi	Huskinson	shuskinson9y@mysql.com	Genderqueer	Santa Barbara	United States
360	Pacorro	Dormon	pdormon9z@army.mil	Male	Siemiatycze	Poland
361	Bronnie	Lander	blandera0@dmoz.org	Male	Ural	Russia
362	Nesta	Barwick	nbarwicka1@sourceforge.net	Female	Rio Verde de Mato Grosso	Brazil
363	Esra	Rankin	erankina2@prnewswire.com	Male	Nixi	China
364	Luise	Lanbertoni	llanbertonia3@toplist.cz	Female	Mabua	Philippines
365	Ophelie	Kamiyama	okamiyamaa4@123-reg.co.uk	Female	Turkestan	Kazakhstan
366	Marion	Logie	mlogiea5@google.cn	Female	Glad	Philippines
367	Lauryn	Wife	lwifea6@123-reg.co.uk	Female	Maţāy	Egypt
368	Devinne	Bernhardsson	dbernhardssona7@artisteer.com	Female	Xijiao	China
369	Dilly	Liddell	dliddella8@google.ru	Male	Nishiwaki	Japan
370	Clywd	Herkess	cherkessa9@irs.gov	Male	Takamatsu-shi	Japan
371	Janeta	Catherall	jcatherallaa@mysql.com	Female	Ribeira Grande	Portugal
372	Chrystal	Coltan	ccoltanab@stanford.edu	Female	Czarków	Poland
373	Jeff	Marieton	jmarietonac@phoca.cz	Genderfluid	Bangui	Philippines
374	Doretta	Tavernor	dtavernorad@is.gd	Female	Rosh Ha‘Ayin	Israel
375	Lauritz	Cradey	lcradeyae@harvard.edu	Male	Pocrí	Panama
376	Torey	Foresight	tforesightaf@chicagotribune.com	Female	Příbram	Czech Republic
377	Una	Robertet	urobertetag@samsung.com	Female	Maoya	China
378	Viola	Gilvear	vgilvearah@baidu.com	Female	Kaji	China
379	Armando	Filipowicz	afilipowiczai@timesonline.co.uk	Male	Qalaikhumb	Tajikistan
380	Leda	Osipov	losipovaj@biblegateway.com	Genderfluid	Bobrovka	Russia
381	Arvy	Possel	aposselak@youku.com	Male	Lahoysk	Belarus
382	Andreana	Featherby	afeatherbyal@eventbrite.com	Female	Alaminos	Philippines
383	Levi	Mitchel	lmitchelam@amazon.de	Male	Tagum	Philippines
384	Pamella	Stellino	pstellinoan@wordpress.com	Female	Lianzhou	China
385	Drew	Frusher	dfrusherao@xrea.com	Male	Świdwin	Poland
386	Trish	Trodler	ttrodlerap@github.com	Female	Dabat	Ethiopia
387	Sophia	Blencowe	sblencoweaq@apple.com	Female	Itagibá	Brazil
388	Yancey	Lewknor	ylewknorar@youtube.com	Male	Yangxunqiao	China
389	Phillipe	Hamblen	phamblenas@goo.ne.jp	Bigender	Słubice	Poland
390	Pinchas	Auton	pautonat@hexun.com	Male	Kadupinang	Indonesia
391	Tildy	Ondrich	tondrichau@networkadvertising.org	Female	Veracruz	Honduras
392	Austine	Rubbert	arubbertav@oakley.com	Female	Pericik	Indonesia
393	Nicholas	Dogg	ndoggaw@cloudflare.com	Male	Mutum Biyu	Nigeria
394	Chancey	Fosh	cfoshax@constantcontact.com	Male	Zhishan	China
395	Mace	Rigby	mrigbyay@devhub.com	Male	Sadahayu	Indonesia
396	Adrianna	Withull	awithullaz@auda.org.au	Genderqueer	Postřekov	Czech Republic
397	Thekla	Doeg	tdoegb0@flickr.com	Female	Watubuku	Indonesia
398	Maria	Erickssen	merickssenb1@senate.gov	Female	Marseille	France
399	Callean	Brooker	cbrookerb2@51.la	Male	Alabat	Philippines
400	Billy	Fancutt	bfancuttb3@wikipedia.org	Female	Leskolovo	Russia
401	Brion	Braz	bbrazb4@engadget.com	Male	Morelos	Mexico
402	Nessie	Rappaport	nrappaportb5@bravesites.com	Female	Göteborg	Sweden
403	Brana	Mowbury	bmowburyb6@chronoengine.com	Genderqueer	Cáchira	Colombia
404	Dorey	Yakushkin	dyakushkinb7@domainmarket.com	Male	Lazaro Cardenas	Mexico
405	Debra	Cracknell	dcracknellb8@weather.com	Female	Černošice	Czech Republic
406	Flori	Penberthy	fpenberthyb9@nasa.gov	Female	Ōtsuchi	Japan
407	Gennifer	Bavister	gbavisterba@reference.com	Female	Nardaran	Azerbaijan
408	Tamqrah	Fewtrell	tfewtrellbb@wiley.com	Polygender	Vysokogornyy	Russia
409	Kevon	Pattullo	kpattullobc@mac.com	Male	Chengdong	China
410	Olin	Cruikshanks	ocruikshanksbd@biglobe.ne.jp	Male	Ivanishchi	Russia
411	Gertie	Cotgrave	gcotgravebe@techcrunch.com	Female	Kontiolahti	Finland
412	Lenard	Poundford	lpoundfordbf@ifeng.com	Male	Pamatang	Indonesia
413	Johnnie	Bolles	jbollesbg@wp.com	Male	Muyaka	Indonesia
414	Rod	Birkmyre	rbirkmyrebh@usnews.com	Male	Sizhou	China
415	Decca	Bradbury	dbradburybi@gravatar.com	Male	Ugba	Nigeria
416	Katrinka	Candelin	kcandelinbj@dropbox.com	Female	Krasnodar	Russia
417	Rivkah	Kitchen	rkitchenbk@princeton.edu	Female	Iba	Philippines
418	Stern	Chastanet	schastanetbl@yahoo.com	Male	Baugo	Philippines
419	Madge	Steels	msteelsbm@upenn.edu	Female	Arganil	Portugal
420	Anallise	Potes	apotesbn@walmart.com	Female	Gaotuo	China
421	Lammond	Row	lrowbo@ox.ac.uk	Male	Aguitu	China
422	Tiebold	Egleton	tegletonbp@psu.edu	Male	Kabakovo	Russia
423	Minna	Chatburn	mchatburnbq@technorati.com	Female	Pedro Leopoldo	Brazil
424	Lyon	Smeaton	lsmeatonbr@youtu.be	Male	Shifan	China
425	Willie	Tyrwhitt	wtyrwhittbs@java.com	Male	Gaopu	China
426	Madlen	MacCauley	mmaccauleybt@howstuffworks.com	Female	Kovylkino	Russia
427	Maxie	Skuse	mskusebu@woothemes.com	Female	Laguna de Perlas	Nicaragua
428	Marijo	Grigolli	mgrigollibv@theatlantic.com	Female	Lennec	Philippines
429	Donaugh	Antonchik	dantonchikbw@intel.com	Male	Las Terrenas	Dominican Republic
430	Joanna	Temby	jtembybx@usnews.com	Female	Verin Artashat	Armenia
431	Helen-elizabeth	Phripp	hphrippby@pcworld.com	Female	Zhichanghe	China
432	Quintin	Dommerque	qdommerquebz@java.com	Male	La Falda	Argentina
433	Aggi	Kleewein	akleeweinc0@telegraph.co.uk	Polygender	Ngundaan	Indonesia
434	Sharlene	Wetherhead	swetherheadc1@woothemes.com	Female	Cayenne	French Guiana
435	Kimberley	Camolli	kcamollic2@cnn.com	Agender	Bilhorod-Dnistrovs’kyy	Ukraine
436	Moreen	Talmadge	mtalmadgec3@yahoo.com	Female	Biaokou	China
437	Tatum	Seathwright	tseathwrightc4@youtube.com	Bigender	Maliang	China
438	Pietro	Palleske	ppalleskec5@stanford.edu	Male	Verkhozim	Russia
439	Gasper	Munks	gmunksc6@stumbleupon.com	Male	Hallstahammar	Sweden
440	Eunice	Budgen	ebudgenc7@example.com	Female	Trindade	Brazil
441	Nat	Dutt	nduttc8@nba.com	Male	Vila Verde	Portugal
442	Cathlene	Jansema	cjansemac9@bbb.org	Female	Skärholmen	Sweden
443	Celina	Leachman	cleachmanca@digg.com	Female	Hehu	China
444	Rosina	Medlin	rmedlincb@cpanel.net	Female	Mramani	Comoros
445	Tisha	Wanstall	twanstallcc@umn.edu	Female	Guaraciaba do Norte	Brazil
446	Hort	Jouannisson	hjouannissoncd@studiopress.com	Genderfluid	Kasoa	Ghana
447	Bernarr	Wadly	bwadlyce@pcworld.com	Male	Codajás	Brazil
448	Teador	Heinritz	theinritzcf@wsj.com	Male	Verkhoshizhem’ye	Russia
449	Phaedra	MacLucais	pmaclucaiscg@csmonitor.com	Genderfluid	Cangshan	China
450	Kessia	Puddefoot	kpuddefootch@answers.com	Female	Xibei	China
451	Solly	Dillinger	sdillingerci@techcrunch.com	Male	Washington	United States
452	Reeva	Sproul	rsproulcj@mysql.com	Female	Ostrov	Russia
453	Larry	Denacamp	ldenacampck@imageshack.us	Male	La Soledad	Mexico
454	Ferd	Forker	fforkercl@sciencedirect.com	Male	Olszyna	Poland
455	Berte	Spivey	bspiveycm@about.me	Female	Muaralabuh	Indonesia
456	Paulina	Botton	pbottoncn@nifty.com	Female	Rydzyna	Poland
457	Ardene	Tailby	atailbyco@bluehost.com	Female	Kradinan	Indonesia
458	Derry	Laviste	dlavistecp@umn.edu	Male	Tiehe	China
459	Paten	Handyside	phandysidecq@prweb.com	Male	Dao’er	China
460	Pippa	Shotboulte	pshotboultecr@123-reg.co.uk	Female	Bandar-e Lengeh	Iran
461	Billy	Caras	bcarascs@sohu.com	Female	Shimada	Japan
462	Darla	Cettell	dcettellct@sakura.ne.jp	Female	Wielka Wieś	Poland
463	Barri	Klimowski	bklimowskicu@taobao.com	Male	Yongxing	China
464	Teresina	Harkin	tharkincv@nps.gov	Female	Jeżów Sudecki	Poland
465	Tabbatha	Pengelley	tpengelleycw@dedecms.com	Female	Balfour	South Africa
466	Jock	Valance	jvalancecx@tripod.com	Male	Jiale	China
467	Marchall	Bauduccio	mbauducciocy@nytimes.com	Polygender	Guanajay	Cuba
468	Esmeralda	Giddy	egiddycz@baidu.com	Female	Lokoja	Nigeria
469	Ardelle	Kuhlen	akuhlend0@ibm.com	Female	Caen	France
470	Alikee	Dumphries	adumphriesd1@go.com	Female	Volovets	Ukraine
471	Osbourne	Gammill	ogammilld2@usda.gov	Male	Längelmäki	Finland
472	Rosie	Silby	rsilbyd3@google.ca	Polygender	Medvedevo	Russia
473	Shamus	Sayles	ssaylesd4@nature.com	Male	Sendung	Indonesia
474	Aldric	Kerbler	akerblerd5@goo.ne.jp	Non-binary	Dugu	China
475	Collin	Pessler	cpesslerd6@reddit.com	Male	Tefé	Brazil
476	Pauli	Waud	pwaudd7@scientificamerican.com	Female	Jiaohu	China
477	Teirtza	Sor	tsord8@ibm.com	Female	Tres Arroyos	Argentina
478	Roobbie	Wermerling	rwermerlingd9@imdb.com	Female	Lansing	United States
479	Cob	Chominski	cchominskida@aboutads.info	Bigender	Uvarovo	Russia
480	Florence	Bodiam	fbodiamdb@qq.com	Female	Siquirres	Costa Rica
481	Wes	Hathaway	whathawaydc@booking.com	Male	Jiangshan	China
482	Kalle	Aimson	kaimsondd@imageshack.us	Male	Juntas	Costa Rica
483	Leonidas	Phillott	lphillottde@jalbum.net	Male	Miragaia	Portugal
484	Arlin	Tezure	atezuredf@shutterfly.com	Male	Ta`ū	American Samoa
485	Diarmid	Knocker	dknockerdg@theglobeandmail.com	Genderqueer	Penedo	Portugal
486	Pierre	Emmanuele	pemmanueledh@ask.com	Male	Ash Sharyah	Yemen
487	Alia	Lively	alivelydi@bbc.co.uk	Female	Presidencia Roque Sáenz Peña	Argentina
488	Burgess	Maddyson	bmaddysondj@fda.gov	Male	Lubuagan	Philippines
489	Whit	Mateos	wmateosdk@techcrunch.com	Male	Nailong	Philippines
490	Kennedy	MacCarter	kmaccarterdl@archive.org	Male	Non Suwan	Thailand
491	Kirbie	Shawyer	kshawyerdm@lycos.com	Female	Golbey	France
492	Ilyssa	Huchot	ihuchotdn@ning.com	Female	Galutu	China
493	Belinda	Piccop	bpiccopdo@parallels.com	Female	Nkurenkuru	Namibia
494	Cornall	Hutchcraft	chutchcraftdp@purevolume.com	Male	Ríohacha	Colombia
495	Elly	Tagg	etaggdq@ow.ly	Agender	Pasir	Indonesia
496	Andrea	Praton	apratondr@mail.ru	Male	Magdeburg	Germany
497	Susann	Guly	sgulyds@tumblr.com	Female	Wat Bot	Thailand
498	Kinna	Winslett	kwinslettdt@behance.net	Female	Arroyo Naranjo	Cuba
499	Tiffany	Wetter	twetterdu@purevolume.com	Female	Hetoudian	China
500	Demeter	Moncreiff	dmoncreiffdv@twitter.com	Bigender	Jetis	Indonesia
501	Norbert	Lambrick	nlambrickdw@creativecommons.org	Male	Miaofengshan	China
502	Cristabel	Minger	cmingerdx@marketwatch.com	Female	Oodweyne	Somalia
503	Jade	Simoncello	jsimoncellody@psu.edu	Female	Palmito	Colombia
504	Ryun	Golagley	rgolagleydz@mit.edu	Male	Candelaria	Philippines
505	Boycey	Bloodworth	bbloodworthe0@google.fr	Male	Mondim de Basto	Portugal
506	Rochester	Willshear	rwillsheare1@canalblog.com	Male	Gusong	China
507	Pearline	Lowrie	plowriee2@ibm.com	Female	Otutara	French Polynesia
508	Dag	McKeown	dmckeowne3@vimeo.com	Male	Shixiang	China
509	Junette	Eyes	jeyese4@cpanel.net	Female	Tanjungkerta	Indonesia
510	Vanna	Robinett	vrobinette5@omniture.com	Female	Panalanoy	Philippines
511	Eba	Brinkworth	ebrinkworthe6@ameblo.jp	Female	Huangban	China
512	Wright	Jeandillou	wjeandilloue7@ibm.com	Male	Néa Filadélfeia	Greece
513	Sena	Mustoe	smustoee8@youtube.com	Female	Jingpeng	China
514	Dinnie	Beniesh	dbenieshe9@wunderground.com	Female	Livorno	Italy
515	Fran	Teissier	fteissierea@lycos.com	Male	Lodhrān	Pakistan
516	Jackson	Filpo	jfilpoeb@nyu.edu	Male	Las Heras	Argentina
517	Hy	Luney	hluneyec@umn.edu	Male	Cipondok	Indonesia
518	Elnar	Downs	edownsed@storify.com	Male	Victoria West	South Africa
519	Pennie	Thurbon	pthurbonee@bluehost.com	Bigender	Mamer	Luxembourg
520	Crissie	Keaton	ckeatonef@answers.com	Female	Taen Tengah	Indonesia
521	Sybil	Yesson	syessoneg@nydailynews.com	Female	Chengui	China
522	Timmy	Mechem	tmechemeh@blinklist.com	Female	Yuwan	China
523	Lanie	Angrock	langrockei@nhs.uk	Male	Sa Bot	Thailand
524	Humberto	McCormack	hmccormackej@ted.com	Male	Jabon	Indonesia
525	Eilis	Issard	eissardek@ow.ly	Female	Carson City	United States
526	Pip	Zisneros	pzisnerosel@odnoklassniki.ru	Male	Onsala	Sweden
527	Orren	Beinke	obeinkeem@youtu.be	Male	Leme	Brazil
528	Dorothee	Treend	dtreenden@hibu.com	Female	Lianzhou	China
529	Branden	Ebden	bebdeneo@aboutads.info	Male	Botucatu	Brazil
530	Consalve	Losemann	closemannep@aboutads.info	Male	Skhodnya	Russia
531	Gordy	Sleney	gsleneyeq@free.fr	Male	Hexi	China
532	Stinky	Itzkovwitch	sitzkovwitcher@bbb.org	Male	Kvartsitnyy	Russia
533	Donni	Gaggen	dgaggenes@ebay.com	Female	Qā’en	Iran
534	Adiana	Rioch	ariochet@google.com.hk	Female	Ghormach	Afghanistan
535	Vernen	Blaise	vblaiseeu@ow.ly	Male	Kalayemule	China
536	Dunn	Clegg	dcleggev@google.com.au	Male	Hengfeng	China
537	Arnold	Gerler	agerlerew@europa.eu	Male	Söderhamn	Sweden
538	Cristian	Braycotton	cbraycottonex@ca.gov	Genderqueer	Xiangba	China
539	Flory	Ellcome	fellcomeey@princeton.edu	Female	Milicz	Poland
540	Ingram	Towe	itoweez@canalblog.com	Male	Jastrzębia	Poland
541	Elise	Mulqueen	emulqueenf0@ifeng.com	Female	Medzhibozh	Ukraine
542	Morganica	Sonnenschein	msonnenscheinf1@hhs.gov	Female	Eskilstuna	Sweden
543	Patrice	Billin	pbillinf2@walmart.com	Genderqueer	Muritiba	Brazil
544	Roseline	Ubsdell	rubsdellf3@adobe.com	Female	Qal‘ah-ye Shahr	Afghanistan
545	Joseito	Altree	jaltreef4@omniture.com	Male	Pul-e Khumrī	Afghanistan
546	Mychal	Pahlsson	mpahlssonf5@fotki.com	Male	Hovås	Sweden
547	Pablo	Willoughby	pwilloughbyf6@comsenz.com	Male	Pavlovsk	Russia
548	Maurita	Colling	mcollingf7@quantcast.com	Female	Fangxiang	China
549	Anne-marie	Kenner	akennerf8@cloudflare.com	Female	København	Denmark
550	Bobette	Brosi	bbrosif9@telegraph.co.uk	Female	Megulung	Indonesia
551	Farr	Everington	feveringtonfa@nbcnews.com	Male	Zhenzhushan	China
552	Patrick	Cheng	pchengfb@plala.or.jp	Male	Lizhai	China
553	Cynthea	Gronaver	cgronaverfc@google.nl	Female	Guadalupe	Costa Rica
554	Shurlocke	Glasser	sglasserfd@illinois.edu	Male	Pak Thong Chai	Thailand
555	Fernando	Hauxby	fhauxbyfe@wordpress.org	Male	Gambo	Central African Republic
556	Shaun	Skyner	sskynerff@people.com.cn	Female	Mesa	United States
557	Arte	Beckhouse	abeckhousefg@npr.org	Male	Asbestos	Canada
558	Brandy	Heffernon	bheffernonfh@uiuc.edu	Female	Mersa Matruh	Egypt
559	Franklin	Fritschmann	ffritschmannfi@techcrunch.com	Male	Popil'nya	Ukraine
560	Belva	Adamovich	badamovichfj@psu.edu	Female	Adolfo Ruiz Cortines	Mexico
561	Rosanne	Bim	rbimfk@sfgate.com	Female	Satte	Japan
562	Rosco	Itscovitz	ritscovitzfl@elpais.com	Male	Nowy Sącz	Poland
563	Chas	Fivey	cfiveyfm@4shared.com	Male	Lafayette	United States
564	Dannel	Giametti	dgiamettifn@1688.com	Male	Zhongguanyi	China
565	Edmund	Beament	ebeamentfo@xinhuanet.com	Male	Wanfa	China
566	Cameron	Lilleman	clillemanfp@intel.com	Male	Alvalade	Portugal
567	Darcy	Stachini	dstachinifq@ow.ly	Male	Maputo	Mozambique
568	Biddie	Lodder	blodderfr@liveinternet.ru	Genderqueer	Tongxing	China
569	Sidney	Seabrocke	sseabrockefs@wisc.edu	Male	Jiantang	China
570	Ashley	Elmar	aelmarft@liveinternet.ru	Female	Ōnojō	Japan
571	Stanford	Rushton	srushtonfu@ibm.com	Male	Draginje	Serbia
572	Dur	Frango	dfrangofv@walmart.com	Male	Nubma	China
573	Skylar	Undy	sundyfw@drupal.org	Male	Azua	Dominican Republic
574	Hadria	McRinn	hmcrinnfx@dailymotion.com	Female	Hendījān	Iran
575	Garrick	Attridge	gattridgefy@netvibes.com	Male	Solec-Zdrój	Poland
576	Thomasin	McKenney	tmckenneyfz@gravatar.com	Female	Mooirivier	South Africa
577	Ferdinande	Busk	fbuskg0@vimeo.com	Female	Gombangan	Indonesia
578	Lammond	de Courcey	ldecourceyg1@google.cn	Male	Karangkancana	Indonesia
579	Martica	Bromage	mbromageg2@psu.edu	Female	Ribeirinha	Portugal
580	Garwin	Gozzett	ggozzettg3@senate.gov	Male	Had Kourt	Morocco
581	Raeann	Rotlauf	rrotlaufg4@eventbrite.com	Female	Būlaevo	Kazakhstan
582	Rubin	McGown	rmcgowng5@wp.com	Male	Haymā’	Oman
583	Neddy	Aleksahkin	naleksahking6@google.co.uk	Male	Jokkmokk	Sweden
584	Rance	Ansett	ransettg7@is.gd	Male	Nanyang	China
585	Juliane	Lackeye	jlackeyeg8@tripadvisor.com	Female	Doetinchem	Netherlands
586	Theobald	Balstone	tbalstoneg9@ebay.co.uk	Male	Jinshan	China
587	Linet	Skeath	lskeathga@google.pl	Female	Pital	Colombia
588	Isidore	Shakesby	ishakesbygb@census.gov	Male	Baozhu	China
589	Albrecht	Josephoff	ajosephoffgc@wisc.edu	Male	Iksha	Russia
590	Josie	Antoniutti	jantoniuttigd@gravatar.com	Agender	Nuasepu	Indonesia
591	Ronda	Attow	rattowge@nasa.gov	Genderqueer	Shadui	China
592	Doralia	Stopher	dstophergf@furl.net	Female	Srubec	Czech Republic
593	Celestia	Hallybone	challybonegg@kickstarter.com	Female	Santa Cruz	Chile
594	Chen	Paternoster	cpaternostergh@twitter.com	Male	Zhougao	China
595	Grady	Swalteridge	gswalteridgegi@stanford.edu	Male	Jardia	Portugal
596	Elaina	Karchewski	ekarchewskigj@ucsd.edu	Female	Palmas Bellas	Panama
597	Harmonia	Poolton	hpooltongk@clickbank.net	Female	Panyindangan	Indonesia
598	Kerrill	Mathers	kmathersgl@howstuffworks.com	Female	Pobé	Benin
599	Berny	Hails	bhailsgm@dagondesign.com	Female	Chaiyaphum	Thailand
600	Pebrook	Dallow	pdallowgn@weebly.com	Male	Rio Covo ( Santa Eulália )	Portugal
601	Van	Feares	vfearesgo@umn.edu	Female	Telnice	Czech Republic
602	Leonie	Kaindl	lkaindlgp@sohu.com	Female	Siedlce	Poland
603	Gawain	Lamba	glambagq@home.pl	Male	Zhen’an	China
604	Dulcinea	Limpertz	dlimpertzgr@csmonitor.com	Female	Krasnyy Oktyabr’	Russia
605	Harris	Bamling	hbamlinggs@wikia.com	Male	Zhonghekou	China
606	Gerhardine	Wellington	gwellingtongt@posterous.com	Female	Solor	Indonesia
607	Hubey	Lifsey	hlifseygu@nymag.com	Male	Sutukung	Gambia
608	Aaron	Dufore	aduforegv@moonfruit.com	Male	Pernå	Finland
609	Carly	Tybalt	ctybaltgw@privacy.gov.au	Male	Kwangmyŏng	South Korea
610	Nita	Lamborne	nlambornegx@prnewswire.com	Female	Qorao’zak	Uzbekistan
611	Lurleen	Lamplugh	llamplughgy@cbsnews.com	Bigender	Redon	France
612	Tommy	Readhead	treadheadgz@shutterfly.com	Male	Kampene	Democratic Republic of the Congo
613	Jens	Berthomieu	jberthomieuh0@eventbrite.com	Male	Sandaohezi	China
614	Cristi	Maskrey	cmaskreyh1@soup.io	Female	Tanshan	China
615	Zachery	Ellwell	zellwellh2@fda.gov	Male	Zhangguanying	China
616	Myer	Duckfield	mduckfieldh3@smugmug.com	Male	Casillas	Guatemala
617	Fern	Glawsop	fglawsoph4@purevolume.com	Female	Matagbak	Philippines
618	Stacey	Holdin	sholdinh5@usatoday.com	Female	Tebara	Indonesia
619	Teodora	Aitken	taitkenh6@wikipedia.org	Female	Grand Junction	United States
620	Gordon	Valois	gvaloish7@i2i.jp	Male	‘Awartā	Palestinian Territory
621	Sula	Nardrup	snardruph8@businessweek.com	Female	Gweru	Zimbabwe
622	Marja	Balassa	mbalassah9@gnu.org	Female	Helsingborg	Sweden
623	Johan	Barnewille	jbarnewilleha@google.co.uk	Male	Allen	Argentina
624	Netty	Preshaw	npreshawhb@goo.gl	Female	Sanxianling	China
625	Rafaela	Hopewell	rhopewellhc@cargocollective.com	Female	Tāfuna	American Samoa
626	Caleb	Wintringham	cwintringhamhd@java.com	Male	Phoenix	United States
627	Neely	Parke	nparkehe@ebay.com	Female	Reutlingen	Germany
628	Daloris	McKune	dmckunehf@wikispaces.com	Female	Cool űrhajó	Afghanistan
629	Leontine	Dymidowicz	ldymidowiczhg@freewebs.com	Female	Sidi Redouane	Morocco
630	Gerti	Spurett	gspuretthh@ftc.gov	Female	Na Kae	Thailand
631	Dierdre	Breddy	dbreddyhi@senate.gov	Female	Choibalsan	Mongolia
632	Osborn	Althrop	oalthrophj@newyorker.com	Male	Qadsīyā	Syria
633	Dewey	Foker	dfokerhk@friendfeed.com	Male	Huilongshan	China
634	Tobe	Catherall	tcatherallhl@ft.com	Genderfluid	Tsaghkadzor	Armenia
635	Noak	Katzmann	nkatzmannhm@yahoo.com	Polygender	Shuinanxu	China
636	Ivonne	Doumerc	idoumerchn@ibm.com	Female	Mlaka pri Kranju	Slovenia
637	Rutherford	Feasby	rfeasbyho@privacy.gov.au	Male	Kertai	China
638	Rebekkah	Tull	rtullhp@abc.net.au	Female	Mospyne	Ukraine
639	Matthiew	Huitt	mhuitthq@miitbeian.gov.cn	Agender	Taoyuan	China
640	Paddie	Ioannou	pioannouhr@sourceforge.net	Male	Bobigny	France
641	Karim	Drakeford	kdrakefordhs@google.com.br	Male	Luodong	China
642	Jaquelin	Akehurst	jakehurstht@forbes.com	Female	Xingdian	China
643	Maudie	Semechik	msemechikhu@whitehouse.gov	Female	San Carlos de Bariloche	Argentina
644	Jillian	Browne	jbrownehv@shop-pro.jp	Genderqueer	Monrovia	Liberia
645	Ardelle	Jerzak	ajerzakhw@ezinearticles.com	Non-binary	Tân Châu	Vietnam
646	Dot	Justun	djustunhx@theguardian.com	Female	Hostivice	Czech Republic
647	Garvin	Wyant	gwyanthy@skype.com	Male	La Colorada	Panama
648	Willem	Hairyes	whairyeshz@squidoo.com	Male	Paris La Défense	France
649	Owen	Nyssen	onysseni0@wikimedia.org	Male	Gimo	Sweden
650	Ortensia	Yarrell	oyarrelli1@fema.gov	Female	Malianzhuang	China
651	Dillon	Surman-Wells	dsurmanwellsi2@twitpic.com	Male	Kizlyar	Russia
652	Clarita	Bindin	cbindini3@taobao.com	Female	Cova Figueira	Cape Verde
653	Myca	Bellard	mbellardi4@4shared.com	Male	Konso	Ethiopia
654	Alard	Cuttin	acuttini5@independent.co.uk	Male	Novozavidovskiy	Russia
655	Dee	Caesar	dcaesari6@flickr.com	Female	Poncokusumo	Indonesia
656	Aubrey	Arnal	aarnali7@umich.edu	Male	Datian	China
657	Tawnya	Spino	tspinoi8@fotki.com	Female	Colón	Cuba
658	Julissa	Fetteplace	jfetteplacei9@g.co	Female	Bayt Wazan	Palestinian Territory
659	Tilda	Chowne	tchowneia@mlb.com	Female	Aihua	China
660	Nara	Thinn	nthinnib@home.pl	Female	Laixi	China
661	Cris	Seakings	cseakingsic@squidoo.com	Male	Marseille	France
662	Garland	Van Zon	gvanzonid@mayoclinic.com	Female	Turze Pole	Poland
663	Morry	Alsford	malsfordie@histats.com	Male	Tianzhen	China
664	Skell	Garci	sgarciif@admin.ch	Non-binary	Taoyuan	China
665	Bonni	Quinion	bquinionig@msu.edu	Female	Nubma	China
666	Mead	Shanklin	mshanklinih@theglobeandmail.com	Female	Konëvo	Russia
667	Danella	Boothman	dboothmanii@wikimedia.org	Female	Malaruhatan	Philippines
668	Inez	Syce	isyceij@google.co.jp	Female	Hongqiao	China
669	Patti	Poulsum	ppoulsumik@mysql.com	Female	Sanguinheira	Portugal
670	Dacey	Kort	dkortil@latimes.com	Agender	Santo Domingo	Philippines
671	Waldemar	Pallatina	wpallatinaim@fda.gov	Genderfluid	Guyam Malaki	Philippines
672	Galvan	Nasey	gnaseyin@lycos.com	Male	Getafe	Spain
673	Dolph	Sheen	dsheenio@ted.com	Male	Zhongzuiling	China
674	Sophey	Searles	ssearlesip@flavors.me	Female	Huajie	China
675	Bendick	Blanchette	bblanchetteiq@theglobeandmail.com	Male	Kandun	China
676	Abie	Costelloe	acostelloeir@digg.com	Male	Göteborg	Sweden
677	Tommy	Morican	tmoricanis@nps.gov	Genderfluid	Zhongfang	China
678	Angelina	Stanway	astanwayit@fda.gov	Bigender	Gobernador Gálvez	Argentina
679	Samaria	Hankin	shankiniu@printfriendly.com	Female	Igarapé Miri	Brazil
680	Alyssa	Roblett	aroblettiv@ca.gov	Agender	Dongzhou	China
681	Antonin	Glencrosche	aglencroscheiw@tmall.com	Male	Pridraga	Croatia
682	Farleigh	Sevior	fseviorix@tripadvisor.com	Male	Chengji	China
683	Valeria	Gallehock	vgallehockiy@fastcompany.com	Female	Gusinoozyorsk	Russia
684	Ephrayim	Rosewarne	erosewarneiz@amazon.com	Male	Genting	Indonesia
685	Earle	Overstone	eoverstonej0@tinyurl.com	Male	Lishu	China
686	Jacinthe	O' Mullan	jomullanj1@chicagotribune.com	Female	Arish	Egypt
687	Danyelle	Sedcole	dsedcolej2@purevolume.com	Female	Xinhua	China
688	Corenda	Franciottoi	cfranciottoij3@nsw.gov.au	Female	Hostivice	Czech Republic
689	Goddart	Robertacci	grobertaccij4@altervista.org	Male	Tongqian	China
690	Neel	Smidmore	nsmidmorej5@ow.ly	Male	Al ‘Ayzarīyah	Palestinian Territory
691	Kimmi	Kunath	kkunathj6@tuttocitta.it	Female	Sabang	Philippines
692	Lief	Cyseley	lcyseleyj7@google.cn	Male	Tirlyanskiy	Russia
693	Winni	Vasishchev	wvasishchevj8@mtv.com	Female	Verbivka	Ukraine
694	Buffy	Rider	briderj9@npr.org	Female	Maple Ridge	Canada
695	Gunar	Tibbotts	gtibbottsja@utexas.edu	Male	Soanindrariny	Madagascar
696	Samaria	Glading	sgladingjb@amazonaws.com	Female	Abaca	Philippines
697	Marla	Willgress	mwillgressjc@purevolume.com	Female	Eido	Portugal
698	Wandie	Siebert	wsiebertjd@prnewswire.com	Female	Sabanagrande	Honduras
699	Erin	Kamall	ekamallje@comsenz.com	Male	Alchevs’k	Ukraine
700	Mirabelle	Van Oort	mvanoortjf@vkontakte.ru	Female	Janakpur	Nepal
701	Urban	Lavalle	ulavallejg@google.com.au	Male	San Isidro	Mexico
702	Eileen	Bertelmot	ebertelmotjh@statcounter.com	Female	Kujang-ŭp	North Korea
703	Emogene	Simmans	esimmansji@un.org	Female	Krasnogorskiy	Russia
704	Bear	Fauguel	bfaugueljj@ihg.com	Male	Phan Thong	Thailand
705	Pail	Begent	pbegentjk@stumbleupon.com	Male	Kamsack	Canada
706	Murvyn	Hilley	mhilleyjl@domainmarket.com	Male	Oslo	Norway
707	Murray	Pope	mpopejm@com.com	Male	Quán Hành	Vietnam
708	Sherman	Okey	sokeyjn@toplist.cz	Male	Perosinho	Portugal
709	Fidelity	Biesterfeld	fbiesterfeldjo@chicagotribune.com	Female	Hujra	Pakistan
710	Kareem	Insoll	kinsolljp@rambler.ru	Male	Novaya Tavolzhanka	Russia
711	Vita	Mathewson	vmathewsonjq@ft.com	Female	Erdaobaihe	China
712	Shea	Melville	smelvillejr@bbb.org	Female	Jingdang	China
713	Rickard	Shoard	rshoardjs@1688.com	Male	Apongo	Peru
714	Cyril	Bulfoot	cbulfootjt@blogger.com	Male	Cikabuyutan Barat	Indonesia
715	Dominique	Vila	dvilaju@theglobeandmail.com	Female	Sokolovo	Russia
716	Aleta	Huguet	ahuguetjv@csmonitor.com	Female	Haylaastay	Mongolia
717	Pia	Mylan	pmylanjw@rakuten.co.jp	Female	Gif-sur-Yvette	France
718	Marcelo	Blakebrough	mblakebroughjx@ocn.ne.jp	Male	Ambohitseheno	Madagascar
719	Alessandra	Turbard	aturbardjy@soundcloud.com	Female	Baoquanshan	China
720	Kath	Sautter	ksautterjz@goo.gl	Genderqueer	Tiraspol	Moldova
721	Marcelline	Seery	mseeryk0@jugem.jp	Female	Kovdor	Russia
722	Warden	Mathen	wmathenk1@yahoo.com	Male	Farmington	United States
723	Averil	Markos	amarkosk2@slideshare.net	Male	Shah Alam	Malaysia
724	Donni	Tremelling	dtremellingk3@google.de	Female	Lomma	Sweden
725	Adrianne	Blenkharn	ablenkharnk4@dedecms.com	Female	Vatutine	Ukraine
726	Belva	Threadgold	bthreadgoldk5@who.int	Female	Finspång	Sweden
727	Tedd	Ellice	tellicek6@51.la	Male	San Manuel Chaparrón	Guatemala
728	Sydney	Penley	spenleyk7@cnet.com	Male	Konza	Kenya
729	Cristi	Stowte	cstowtek8@jimdo.com	Female	Pathum Rat	Thailand
730	Lutero	Simcoe	lsimcoek9@jalbum.net	Male	Buenavista	Mexico
731	August	Aldren	aaldrenka@senate.gov	Male	Sueyoshichō-ninokata	Japan
732	Gae	Spradbrow	gspradbrowkb@unicef.org	Female	Condega	Nicaragua
733	Cassandre	Asbery	casberykc@cargocollective.com	Female	Göteborg	Sweden
734	Brod	Wildey	bwildeykd@imdb.com	Male	Mabilang	Philippines
735	Rance	Zanotti	rzanottike@odnoklassniki.ru	Male	Hadano	Japan
736	Gabbie	Iglesia	giglesiakf@godaddy.com	Genderfluid	New York City	United States
737	Nichols	Merrgen	nmerrgenkg@vk.com	Male	Kisovec	Slovenia
738	Mommy	Spedding	mspeddingkh@plala.or.jp	Female	Ngampon	Indonesia
739	Rip	Minnette	rminnetteki@merriam-webster.com	Male	Shuiquan	China
740	Ewen	Inge	eingekj@gravatar.com	Male	Chaka	China
741	Bay	Lineen	blineenkk@google.it	Male	Grevená	Greece
742	Daryn	Lehrian	dlehriankl@noaa.gov	Female	Santa Ana	Peru
743	Nathalie	Rennix	nrennixkm@jalbum.net	Female	Ngajum	Indonesia
744	Roxy	Jickells	rjickellskn@slashdot.org	Female	Šuto Orizare	Macedonia
745	Patrizia	Brasier	pbrasierko@com.com	Female	Nurlat	Russia
746	Stephani	Bloxland	sbloxlandkp@usgs.gov	Female	Katsuta	Japan
747	Cris	Mendonca	cmendoncakq@cnet.com	Genderfluid	Huangshapu	China
748	Yurik	Roan	yroankr@sakura.ne.jp	Male	Malaya Purga	Russia
749	Noble	Thews	nthewsks@youtube.com	Male	Labuhan Deli	Indonesia
750	Klement	Sperling	ksperlingkt@acquirethisname.com	Male	Detroit	United States
751	Melania	Dymond	mdymondku@seattletimes.com	Female	Sizao	China
752	Gizela	McDyer	gmcdyerkv@hexun.com	Female	Mont-Saint-Hilaire	Canada
753	Brennan	Biaggi	bbiaggikw@webs.com	Male	Lương Bằng	Vietnam
754	Teodor	Edgeson	tedgesonkx@nps.gov	Male	Irving	United States
755	Nixie	Moar	nmoarky@npr.org	Female	Oke Mesi	Nigeria
756	Dorotea	Tickel	dtickelkz@altervista.org	Female	Lere	Nigeria
757	Gill	Insull	ginsulll0@purevolume.com	Female	Macari	Peru
758	Laverna	Cadalleder	lcadallederl1@prlog.org	Female	Boli	China
759	Alexander	Gittins	agittinsl2@cornell.edu	Male	Kamiichi	Japan
760	Thorny	Curgenven	tcurgenvenl3@google.ca	Male	Jengglungharjo	Indonesia
761	Margeaux	Eden	medenl4@tuttocitta.it	Female	Uruguaiana	Brazil
762	Vernor	Sinnock	vsinnockl5@paypal.com	Male	Mafeng	China
763	Myron	Franchi	mfranchil6@goo.gl	Male	Gapuk	Indonesia
764	Deane	Langtree	dlangtreel7@biglobe.ne.jp	Male	Torbat-e Jām	Iran
765	Osbourne	Papaccio	opapacciol8@youku.com	Non-binary	Jiabei	China
766	Hurley	Wedgwood	hwedgwoodl9@rediff.com	Male	Ngulangan	Indonesia
767	Goldi	Dunkerton	gdunkertonla@sitemeter.com	Female	Chandal Bā’ī	Afghanistan
768	Melloney	Tythe	mtythelb@gmpg.org	Female	Kembangkerang Satu	Indonesia
769	Bendicty	Scambler	bscamblerlc@google.com.br	Male	Smokvica	Croatia
770	Dulsea	Chalfant	dchalfantld@wordpress.org	Female	Smečno	Czech Republic
771	Merv	Kelleway	mkellewayle@sbwire.com	Male	Shaheying	China
772	Yuri	Mathis	ymathislf@tmall.com	Male	Saba Yoi	Thailand
773	Fraser	Sancraft	fsancraftlg@prlog.org	Male	Yamaga	Japan
774	Veriee	Broomhead	vbroomheadlh@myspace.com	Female	Vrbas	Serbia
775	Shaine	Dumberrill	sdumberrillli@taobao.com	Male	Uddevalla	Sweden
776	Nev	Woodyear	nwoodyearlj@java.com	Genderfluid	Piancheng	China
777	Wain	Govier	wgovierlk@cnn.com	Male	Cleveland	United States
778	Lanita	Lysaght	llysaghtll@blogtalkradio.com	Female	Lampa	Peru
779	Berny	Balf	bbalflm@cargocollective.com	Male	Kunjāh	Pakistan
780	Augustina	Keave	akeaveln@loc.gov	Female	Callahuanca	Peru
781	Wilone	Maystone	wmaystonelo@ucoz.com	Female	Turbo	Colombia
782	Guido	Calender	gcalenderlp@time.com	Male	Ta Khmau	Cambodia
783	Lucille	Halpin	lhalpinlq@nyu.edu	Female	Luleå	Sweden
784	Marlane	Sunshine	msunshinelr@ca.gov	Female	Corbeil-Essonnes	France
785	Elly	Gilley	egilleyls@businessinsider.com	Female	Ilanskiy	Russia
786	Shina	Joncic	sjonciclt@hc360.com	Female	Buena Esperanza	Argentina
787	Annemarie	Krikorian	akrikorianlu@youtube.com	Female	Villa Atamisqui	Argentina
788	Larissa	Thripp	lthripplv@github.io	Female	Pasadena	United States
789	Rabbi	Oldknow	roldknowlw@seattletimes.com	Male	Sevaster	Albania
790	Ethel	Rielly	eriellylx@unicef.org	Female	Maxu	China
791	Olly	Deshorts	odeshortsly@bizjournals.com	Female	Škofljica	Slovenia
792	Garvey	Milliken	gmillikenlz@twitter.com	Bigender	Draginje	Serbia
793	Marya	Reddington	mreddingtonm0@google.com	Female	Washington	United States
794	Shannah	Bradneck	sbradneckm1@forbes.com	Female	Pategi	Nigeria
795	Allissa	Varley	avarleym2@archive.org	Female	Cikiwul Satu	Indonesia
796	Fonsie	Allworthy	fallworthym3@indiatimes.com	Male	Sanjiao	China
797	Boony	Hassey	bhasseym4@disqus.com	Male	Kangān	Iran
798	Keene	Thornthwaite	kthornthwaitem5@blog.com	Male	Vranje	Serbia
799	Jaimie	Fickling	jficklingm6@dropbox.com	Female	Lộc Bình	Vietnam
800	Anatola	Ricciardello	aricciardellom7@dailymotion.com	Female	Suru	Indonesia
801	Neel	Backes	nbackesm8@tripod.com	Male	Călăraşi	Moldova
802	Lucille	Purver	lpurverm9@addthis.com	Female	Nanyuan	China
803	Rani	Middlemass	rmiddlemassma@newyorker.com	Female	Broniszewice	Poland
804	Micaela	Cundey	mcundeymb@fda.gov	Female	Fengcheng	China
805	Wheeler	Van Der Weedenburg	wvanderweedenburgmc@ftc.gov	Male	Néa Sánta	Greece
806	Bea	Duchesne	bduchesnemd@mail.ru	Female	Danao	Philippines
807	Farley	Niesel	fnieselme@weather.com	Male	Gorodets	Russia
808	Bartlett	Mulheron	bmulheronmf@xrea.com	Genderqueer	Dupnitsa	Bulgaria
809	Beret	Harome	bharomemg@timesonline.co.uk	Genderfluid	Wujian	China
810	Issiah	Collimore	icollimoremh@de.vu	Male	Wucun	China
811	Antonietta	Mailey	amaileymi@tinypic.com	Female	Laguna Paiva	Argentina
812	Rodge	Tomkiss	rtomkissmj@de.vu	Male	Renhe	China
813	Dimitri	Karczinski	dkarczinskimk@loc.gov	Male	Raoyang	China
814	Niki	Cultcheth	ncultchethml@amazon.co.jp	Male	Santa Cruz	Philippines
815	Marcille	Clausson	mclaussonmm@ft.com	Female	Jamalteca	Honduras
816	Dulciana	Coats	dcoatsmn@businessweek.com	Female	Washington	United States
817	Tybalt	Wurst	twurstmo@myspace.com	Male	San Celestio	Philippines
818	Cherish	Wellsman	cwellsmanmp@unblog.fr	Female	Phú Vang	Vietnam
819	Minni	Ivanenko	mivanenkomq@pen.io	Female	Naranjal	Paraguay
820	Joni	Utteridge	jutteridgemr@icio.us	Female	Ust’-Ilimsk	Russia
821	Livvie	Walcot	lwalcotms@latimes.com	Female	Mīrpur Māthelo	Pakistan
822	Dill	Platt	dplattmt@toplist.cz	Male	Gävle	Sweden
823	Lawry	Shadrack	lshadrackmu@sbwire.com	Male	Pesisir	Indonesia
824	Frederick	Kestell	fkestellmv@howstuffworks.com	Male	Pérama	Greece
825	Che	Nealy	cnealymw@gravatar.com	Male	Papelón	Venezuela
826	Lesley	Noel	lnoelmx@irs.gov	Male	Warsaw	Poland
827	Angie	Ansteys	aansteysmy@google.it	Female	Göteborg	Sweden
828	Issiah	Yukhnevich	iyukhnevichmz@pcworld.com	Male	Karlovo	Bulgaria
829	Gannon	Merner	gmernern0@ucla.edu	Male	Pokachi	Russia
830	Les	McNirlan	lmcnirlann1@netscape.com	Male	Vyazniki	Russia
831	Carlin	Lintin	clintinn2@vk.com	Male	Namyang-dong	North Korea
832	Zsazsa	Feedome	zfeedomen3@plala.or.jp	Female	Beskolen	Indonesia
833	Avis	Sybry	asybryn4@plala.or.jp	Female	Paraíso	Brazil
834	Ebonee	Bunker	ebunkern5@ox.ac.uk	Agender	Salfīt	Palestinian Territory
835	Miguela	Emor	memorn6@independent.co.uk	Female	Kaduluhur	Indonesia
836	Stanton	Beels	sbeelsn7@google.cn	Male	Capandanan	Philippines
837	Clyve	Levesley	clevesleyn8@elpais.com	Male	Haiyang	China
838	Freddi	Genery	fgeneryn9@webeden.co.uk	Female	Napoli	Italy
839	Clywd	Finn	cfinnna@cornell.edu	Male	Tawa	China
840	Caritta	Curragh	ccurraghnb@twitter.com	Female	Zhamog	China
841	Clare	Fergie	cfergienc@histats.com	Bigender	Millau	France
842	Iain	Ibotson	iibotsonnd@reddit.com	Genderqueer	Dunyāpur	Pakistan
843	Chrysler	Beddie	cbeddiene@nbcnews.com	Polygender	Privlaka	Croatia
844	Burtie	Hall	bhallnf@intel.com	Male	Yunmen	China
845	Lucille	Giannini	lgiannining@prnewswire.com	Female	Gazli	Uzbekistan
846	Lorenza	Tunnow	ltunnownh@geocities.jp	Female	Turan	Russia
847	Susy	McMinn	smcminnni@redcross.org	Female	Litein	Kenya
848	Darill	MacClure	dmacclurenj@paypal.com	Male	Mandor	Indonesia
849	Sampson	Taaffe	staaffenk@fema.gov	Male	Beitan	China
850	Walliw	Hadigate	whadigatenl@digg.com	Female	Sankoutang	China
851	Shel	Perigeaux	sperigeauxnm@prnewswire.com	Female	Ichupampa	Peru
852	Maddi	Dmtrovic	mdmtrovicnn@patch.com	Female	Santa Rita Aplaya	Philippines
853	Iver	Stuther	istutherno@slideshare.net	Male	Krajan	Indonesia
854	Rickie	Thorald	rthoraldnp@cafepress.com	Female	Huité	Guatemala
855	Towny	Fost	tfostnq@moonfruit.com	Male	Santos Evos	Portugal
856	Peirce	Love	plovenr@ezinearticles.com	Male	Xianzong	China
857	Giustino	Bolle	gbollens@berkeley.edu	Male	Drammen	Norway
858	Darcie	Neads	dneadsnt@youku.com	Female	Bajingzi	China
859	Gisele	Ingleston	ginglestonnu@usa.gov	Female	Xihu	China
860	Edi	Emblin	eemblinnv@desdev.cn	Female	Salamrejo	Indonesia
861	Jessy	Motten	jmottennw@amazon.co.uk	Female	Basey	Philippines
862	Barry	Minot	bminotnx@arstechnica.com	Female	San Nicolas	Philippines
863	Quintus	Strudwick	qstrudwickny@discovery.com	Male	Manning	Canada
864	Ricardo	Kilfoyle	rkilfoylenz@storify.com	Male	Bla	Mali
865	Anita	Mattinson	amattinsono0@cmu.edu	Female	Vale de Rolas	Portugal
866	Felecia	Bushaway	fbushawayo1@list-manage.com	Female	Campo Alegre	Brazil
867	Sutherland	McCart	smccarto2@gov.uk	Male	Dunyāpur	Pakistan
868	Heida	Amdohr	hamdohro3@yale.edu	Female	Fálanna	Greece
869	Mallory	Dowderswell	mdowderswello4@scribd.com	Female	Catalão	Brazil
870	Cale	Drewell	cdrewello5@about.com	Male	Poste de Flacq	Mauritius
871	Theodora	Lydford	tlydfordo6@accuweather.com	Female	Nglego	Indonesia
872	Haskell	Service	hserviceo7@msn.com	Male	Marale	Honduras
873	Marty	Druett	mdruetto8@who.int	Male	Pukou	China
874	Skippy	Ladloe	sladloeo9@amazonaws.com	Male	Gayamsari	Indonesia
875	Whitaker	Mattis	wmattisoa@mac.com	Non-binary	Reno	United States
876	Willamina	Dofty	wdoftyob@who.int	Female	Grenoble	France
877	Neville	Howsin	nhowsinoc@mozilla.org	Male	San Juan de Planes	Honduras
878	Johanna	Coil	jcoilod@oakley.com	Female	Paris 19	France
879	Thebault	Amos	tamosoe@soundcloud.com	Male	Piru	Indonesia
880	Keary	Davies	kdaviesof@artisteer.com	Non-binary	Monastyryshche	Ukraine
881	Jan	Linguard	jlinguardog@hugedomains.com	Male	Bom Jesus da Lapa	Brazil
882	Farrand	Stump	fstumpoh@slate.com	Female	Ujmisht	Albania
883	Gris	Paschke	gpaschkeoi@cnet.com	Male	Gorna Oryakhovitsa	Bulgaria
884	Merrielle	Dilliston	mdillistonoj@arstechnica.com	Polygender	Tibakisa	Indonesia
885	Antin	Goodreid	agoodreidok@webnode.com	Male	Cikabuyutan Barat	Indonesia
886	Claribel	McGhee	cmcgheeol@cbc.ca	Female	Lianfa	China
887	Renie	Emery	remeryom@home.pl	Female	Tatebayashi	Japan
888	Clarey	Clemendot	cclemendoton@cocolog-nifty.com	Female	Āsmār	Afghanistan
889	Misti	Petrillo	mpetrillooo@tmall.com	Female	Tlumach	Ukraine
890	Ilise	Bosence	ibosenceop@boston.com	Female	Shums’k	Ukraine
891	Ethelind	Seel	eseeloq@sitemeter.com	Female	Leiling	China
892	Tonia	Iannini	tianninior@arizona.edu	Female	Velagići	Bosnia and Herzegovina
893	Franzen	Dewan	fdewanos@liveinternet.ru	Male	Pirapozinho	Brazil
894	Ansell	Border	aborderot@yahoo.com	Male	Guider	Cameroon
895	Sarita	Halls	shallsou@pagesperso-orange.fr	Female	Smečno	Czech Republic
896	Christabel	Hiscocks	chiscocksov@jiathis.com	Female	Inozemtsevo	Russia
897	Jeannine	Georgeou	jgeorgeouow@dagondesign.com	Genderqueer	Kalinovskaya	Russia
898	Gillan	De Rechter	gderechterox@wordpress.org	Female	Wufeng	China
899	Elna	Abramino	eabraminooy@scientificamerican.com	Female	Sollebrunn	Sweden
900	Hobie	Plumley	hplumleyoz@ebay.co.uk	Male	Stará Paka	Czech Republic
901	Craggie	Cruz	ccruzp0@dailymail.co.uk	Male	Koloniya Zastav’ye	Ukraine
902	Reider	MacCahee	rmaccaheep1@ustream.tv	Male	Lanos	Indonesia
903	Simmonds	Mollitt	smollittp2@google.co.uk	Male	Nueva Imperial	Chile
904	Cedric	Le Prevost	cleprevostp3@mozilla.com	Male	La Mohammedia	Tunisia
905	Derk	Allewell	dallewellp4@noaa.gov	Male	Ferdinandovac	Croatia
906	Ellwood	Pilmore	epilmorep5@sciencedaily.com	Male	Venâncio Aires	Brazil
907	Cameron	Gorvette	cgorvettep6@dailymotion.com	Male	Banhā	Egypt
908	Gwendolyn	Crann	gcrannp7@wordpress.org	Female	Huangzhai	China
909	Julita	Tincombe	jtincombep8@examiner.com	Female	Dmytrivka	Ukraine
910	Lester	Toland	ltolandp9@nytimes.com	Male	Temperak	Indonesia
911	Vonnie	Delacote	vdelacotepa@yahoo.com	Female	Ursk	Russia
912	Sorcha	Pontefract	spontefractpb@accuweather.com	Female	Las Sabanas	Nicaragua
913	Raimundo	Selcraig	rselcraigpc@ocn.ne.jp	Male	Karatsu	Japan
914	Riva	Costellow	rcostellowpd@wsj.com	Female	Arras	France
915	Batholomew	Runacres	brunacrespe@state.gov	Male	Koutsopódi	Greece
916	Emmerich	Lear	elearpf@mapquest.com	Male	Mrzeżyno	Poland
917	Hobey	Finey	hfineypg@google.com.br	Male	Mosopa	Botswana
918	Ardelia	Cogger	acoggerph@hp.com	Female	Irosin	Philippines
919	Karole	Ferrier	kferrierpi@baidu.com	Female	Khiwa	Uzbekistan
920	Bryan	Loakes	bloakespj@purevolume.com	Male	Shuanghekou	China
921	Dotty	Valero	dvaleropk@google.it	Female	Palompon	Philippines
922	Brita	Pont	bpontpl@ocn.ne.jp	Female	Haiyang	China
923	Conant	Whight	cwhightpm@yellowpages.com	Male	Świnna	Poland
924	Kassia	Ivashinnikov	kivashinnikovpn@sfgate.com	Female	Vashkivtsi	Ukraine
925	Lishe	Meredith	lmeredithpo@networksolutions.com	Non-binary	Phù Cát	Vietnam
926	Garrik	Bowgen	gbowgenpp@mit.edu	Male	Orlando	United States
927	Lydie	Meeron	lmeeronpq@constantcontact.com	Female	Mangaratiba	Brazil
928	Cassie	Gopsill	cgopsillpr@reference.com	Female	Kuala Terengganu	Malaysia
929	Marta	Edghinn	medghinnps@dropbox.com	Bigender	Wintzenheim	France
930	Chevalier	Hughs	chughspt@ca.gov	Male	Sidzina	Poland
931	Janetta	Swinyard	jswinyardpu@flavors.me	Female	Langxi	China
932	Warner	Preist	wpreistpv@xing.com	Male	Dafengdui	China
933	Sutton	Garwell	sgarwellpw@dailymail.co.uk	Male	Karipidita	Indonesia
934	Noemi	Gosswell	ngosswellpx@cdbaby.com	Female	Calde	Portugal
935	Clifford	Hedan	chedanpy@oracle.com	Male	Téra	Niger
936	Ollie	Yuryichev	oyuryichevpz@homestead.com	Male	Lasusua	Indonesia
937	Haleigh	Folker	hfolkerq0@narod.ru	Male	Senhor da Serra	Portugal
938	Lilia	Kuhne	lkuhneq1@shinystat.com	Female	Itako	Japan
939	Latisha	Conws	lconwsq2@dedecms.com	Female	Maliuzui	China
940	Melitta	Corson	mcorsonq3@washington.edu	Female	Tuateta	Indonesia
941	Margit	Keesman	mkeesmanq4@dot.gov	Female	Horní Jiřetín	Czech Republic
942	Viv	Wartonby	vwartonbyq5@dedecms.com	Female	As Samawah	Iraq
943	Ryon	Uttermare	ruttermareq6@imgur.com	Male	Parang	Philippines
944	Stanwood	Hanvey	shanveyq7@barnesandnoble.com	Male	Schäffern	Austria
945	Euell	Cowill	ecowillq8@archive.org	Male	Raszczyce	Poland
946	Corinna	Hardin	chardinq9@feedburner.com	Female	Ōmura	Japan
947	Axe	Scholl	aschollqa@wired.com	Male	Salam	Indonesia
948	Giulia	Rathborne	grathborneqb@over-blog.com	Female	Solotcha	Russia
949	Allen	Greensitt	agreensittqc@prweb.com	Male	Xiyang	China
950	Alys	Wetton	awettonqd@example.com	Female	Gulao	China
951	Tye	Edworthy	tedworthyqe@apache.org	Male	Skopje	Macedonia
952	Kelcey	Huxley	khuxleyqf@wufoo.com	Female	Paôy Pêt	Cambodia
953	Drake	Blaver	dblaverqg@ifeng.com	Male	Foluo	China
954	Netti	Doul	ndoulqh@google.it	Genderqueer	Krasnoshchekovo	Russia
955	Harmonia	Braybrook	hbraybrookqi@boston.com	Female	Boychinovtsi	Bulgaria
956	Donnell	Parkins	dparkinsqj@unblog.fr	Male	Gonghe	China
957	Nicholle	McCluney	nmccluneyqk@pinterest.com	Female	Maogou	China
958	Hughie	Epple	heppleql@barnesandnoble.com	Male	Groningen	Netherlands
959	Land	Crockatt	lcrockattqm@discuz.net	Male	Jambubol	Indonesia
960	Maurene	Paulazzi	mpaulazziqn@list-manage.com	Female	Matabao	Philippines
961	Adolphus	McGeown	amcgeownqo@goo.ne.jp	Male	Girardot	Colombia
962	Jaine	Shearman	jshearmanqp@sbwire.com	Female	Ruda Maleniecka	Poland
963	Coletta	Bredbury	cbredburyqq@cnet.com	Agender	Hailin	China
964	Fernandina	Mixworthy	fmixworthyqr@uiuc.edu	Female	Rogachëvo	Russia
965	Kearney	Colt	kcoltqs@bandcamp.com	Male	Luangwa	Zambia
966	Oby	Spurdens	ospurdensqt@gizmodo.com	Male	Ambam	Cameroon
967	Patricia	McCarrick	pmccarrickqu@usnews.com	Female	Nanping	China
968	Kippy	Paule	kpauleqv@ustream.tv	Male	Dikhil	Djibouti
969	Yurik	Farquhar	yfarquharqw@economist.com	Male	Xinhua	China
970	Bryant	Attwoul	battwoulqx@usda.gov	Male	Torre de Moncorvo	Portugal
971	Jasmina	Castiglione	jcastiglioneqy@deliciousdays.com	Female	Delgerhaan	Mongolia
972	Kariotta	Wild	kwildqz@parallels.com	Female	Partenit	Ukraine
973	Wylma	Speenden	wspeendenr0@amazon.com	Female	Velyki Mezhyrichi	Ukraine
974	Thom	Kibel	tkibelr1@wp.com	Male	Aemura	Indonesia
975	Les	Caso	lcasor2@icio.us	Male	Butha-Buthe	Lesotho
976	Cassy	Rumin	cruminr3@xing.com	Female	Ipoh	Malaysia
977	Carrol	Bigmore	cbigmorer4@tinypic.com	Male	Masoli	Philippines
978	Phyllis	Bucklan	pbucklanr5@tamu.edu	Female	Baryshevo	Russia
979	Rafaellle	Crocetti	rcrocettir6@vk.com	Male	Huanggexi	China
980	Ermin	Howling	ehowlingr7@cisco.com	Male	Ganxi	China
981	Ferd	Kilsby	fkilsbyr8@fema.gov	Male	Đức Phong	Vietnam
982	Jeannie	Dulen	jdulenr9@ameblo.jp	Female	Pryazha	Russia
983	Armando	Spehr	aspehrra@e-recht24.de	Male	Kronshtadt	Russia
984	Jobey	Moat	jmoatrb@google.nl	Female	Kaliuling	Indonesia
985	Donaugh	Slocomb	dslocombrc@wikia.com	Male	Pitogo	Philippines
986	Phillipe	Mowling	pmowlingrd@t-online.de	Male	Kedungbacin	Indonesia
987	Morty	Peeters	mpeetersre@newsvine.com	Male	Vale Covo	Portugal
988	Reinwald	Bothie	rbothierf@prlog.org	Male	Lagunillas	Mexico
989	Arther	Michieli	amichielirg@friendfeed.com	Male	Guangang	China
990	Fabien	Varley	fvarleyrh@sourceforge.net	Male	Portland	United States
991	Kipper	Bentzen	kbentzenri@nydailynews.com	Male	Ocala	United States
992	Vanda	Kohrt	vkohrtrj@imgur.com	Female	Hengli	China
993	Fred	Dagon	fdagonrk@berkeley.edu	Male	Buzhakan	Armenia
994	Rafferty	Unworth	runworthrl@disqus.com	Male	Banjar Ambengan	Indonesia
995	Antony	Swindley	aswindleyrm@wikimedia.org	Male	Michałowo	Poland
996	Ki	Gillies	kgilliesrn@nyu.edu	Non-binary	Datagon	Philippines
997	Alasdair	Dumphrey	adumphreyro@over-blog.com	Male	Watulimo	Indonesia
998	Moshe	Le feaver	mlefeaverrp@ca.gov	Male	Abuja	Nigeria
999	Ruben	Greasty	rgreastyrq@sohu.com	Male	Ganlin	China
1000	Danila	Muddle	dmuddlerr@tamu.edu	Female	Pingsha	China
